﻿Designator,Footprint,Quantity,Value,LCSC Part #
"D1, D10, D11, D12, D13, D14, D15, D16, D17, D18, D19, D2, D20, D21, D22, D3, D4, D5, D6, D7, D8, D9",D_SOD-123_Reversible_THT,22,1N4148W,
J1,JST_PH_S2B-PH-K_1x02_P2.00mm_Horizontal,1,Conn_01x02_Socket,
"SW1, SW10, SW11, SW12, SW13, SW14, SW15, SW16, SW17, SW18, SW19, SW2, SW20, SW21, SW3, SW4, SW5, SW6, SW7, SW8, SW9",CherryMX_Choc_Hotswap_Bharat,21,SW_Push_45deg,
SW22,RotaryEncoder_Alps_EC11E-Switch_Vertical_H20mm,1,RotaryEncoder_Switch,
"SW23, SW24",switch-MSK-12C02-smd,2,SW_Push_SPDT,
U1,ProMicro_unrouted_MAC8,1,nice_nano,
