﻿Designator,Footprint,Quantity,Value,LCSC Part #
"D1, D10, D11, D12, D13, D14, D15, D16, D17, D18, D19, D2, D20, D21, D22, D3, D4, D5, D6, D7, D8, D9",D_SOD-123_Reversible_THT,22,1N4148W,
J1,JST_PH_S2B-PH-K_1x02_P2.00mm_Horizontal,1,Conn_01x02_Socket,
"PSW1, PSW2",switch-MSK-12C02-smd,2,SW_Push_SPDT,
"RSW1, RSW2",SW_SPST_B3U-1000P,2,SW_Push,
"S1, S10, S11, S12, S13, S14, S15, S16, S17, S18, S19, S2, S20, S21, S3, S4, S5, S6, S7, S8, S9",wubbo-choc-socket-reversible,21,SW_Push_45deg,
SW22,RotaryEncoder_Alps_EC11E-Switch_Vertical_H20mm,1,RotaryEncoder_Switch,
U1,ProMicro_unrouted_MAC8,1,nice_nano,
